,1st Pub,Author,Awards,Genres,Link,N pag,Rating Count,Rating Value,Review Count,Title,series
0,1960,Harper Lee,"['Pulitzer Prize for Fiction (1961)', 'Audie Award for Classic (2007)', 'National Book Award Finalist for Fiction (1961)', 'Alabama Author Award for Fiction (1961)']","['Classics', 'Fiction', 'Historical']",https://www.goodreads.com/book/show/2657.To_Kill_a_Mockingbird,324,4747905,4.28,95090,To Kill a Mockingbird,1
1,1997,J.K. Rowling,"[""Mythopoeic Fantasy Award for Children's Literature (2008)"", ""British Book Award for Children's Book of the Year (1998)"", 'Prijs van de Nederlandse Kinderjury for 6-9 jaar en 10-12 jaar (2002)', 'American Booksellers Book Of The Year  Award for Children (1999)', 'Audie Award (2000)', ""West Australian Young Readers' Book Award (WAYRBA) for Younger Readers (2000)"", 'South Carolina Book Award for Junior Book Award (2001)', 'Grand Canyon Reader Award for Teen Book (2000)', 'Charlotte Award (2000)', 'Nene Award (2000)', ""Massachusetts Children's Book Award (2000)"", 'Colorado Blue Spruce Young Adult Book Award (2001)', 'Blue Hen Book Award for Chapter Book (2001)', ""Nevada Young Readers' Award for Young Reader Category (2000)"", 'Golden Archer Award for Middle/Junior High (2000)', 'Indian Paintbrush Book Award (2000)', 'Hotze de Roosprijs (2002)', 'Nestlé Smarties Book Prize for 9–11 years (1997)', 'Eliot Rosewater Indiana High School Book Award (2001)', 'Kinderboekwinkelprijs (1999)', 'Parenting Book of the Year Award (1998)', 'North East Teenage Book Award (1999)', ""Specsavers National Book Award for Children's Book of the Year (1998)"", 'Washington State Sasquatch Award (2000)', 'Literaturpreis der Jury der jungen Leser for Kinderbuch (1999)', 'Carnegie Medal Nominee (1997)', ""Rebecca Caudill Young Readers' Book Award (2001)"", 'Premi Protagonista Jove for Categoria 12-13 anys (2000)']","['Fantasy', 'Fiction', 'Young Adult']",https://www.goodreads.com/book/show/3.Harry_Potter_and_the_Sorcerer_s_Stone,309,7504080,4.48,118948,Harry Potter and the Sorcerer's Stone,1
2,1947,Anne Frank,['Luisterboek Award Nominee (2008)'],"['Nonfiction', 'Classics', 'History']",https://www.goodreads.com/book/show/1885.Pride_and_Prejudice,283,2912898,4.16,30804,The Diary of a Young Girl,0
3,1813,Jane Austen,[],"['Classics', 'Fiction', 'Romance']",https://www.goodreads.com/book/show/48855.The_Diary_of_a_Young_Girl,279,3185479,4.27,73295,Pride and Prejudice,0
4,1943,Antoine de Saint-Exupéry,['Retro Hugo Award for Best Novella (2019)'],"['Classics', 'Fiction', 'Fantasy']",https://www.goodreads.com/book/show/170448.Animal_Farm,93,1481259,4.31,43183,The Little Prince,0
5,1945,George Orwell,"['Prometheus Hall of Fame Award (2011)', 'Retro Hugo Award for Best Novella (1996)']","['Classics', 'Fiction', 'Science Fiction']",https://www.goodreads.com/book/show/157993.The_Little_Prince,141,2909027,3.96,60971,Animal Farm,0
6,1951,J.D. Salinger,"['Teen Read Award Nominee for Best All-Time-Fave (2010)', 'National Book Award Finalist for Fiction (1952)']","['Classics', 'Fiction', 'Young Adult']",https://www.goodreads.com/book/show/4671.The_Great_Gatsby,277,2856849,3.81,60314,The Catcher in the Rye,0
7,1925,F. Scott Fitzgerald,"['Grammy Award Nominee for Best Spoken Word Album (2003)', 'Long Island Reads (2002)']","['Classics', 'Fiction', 'Academic']",https://www.goodreads.com/book/show/5107.The_Catcher_in_the_Rye,200,3977672,3.93,71568,The Great Gatsby,0
8,1955,J.R.R. Tolkien,"['Hugo Award Nominee for Best All-Time Series (1966)', 'Prometheus Hall of Fame Award (2009)', 'International Fantasy Award for Fiction (1957)', 'Books I Loved Best Yearly (BILBY) Awards for Older Readers (2002)', 'Prix du Meilleur Livre Étranger for Roman (1972)', 'Nynorsk litteraturpris (2006)']","['Fantasy', 'Classics', 'Fiction']",https://www.goodreads.com/book/show/33.The_Lord_of_the_Rings,1216,589544,4.50,12043,The Lord of the Rings,1
9,2005,Markus Zusak,"['National Jewish Book Award for Children’s and Young Adult Literature (2006)', ""Book Sense Book of the Year Award for Children's Literature (2007)"", 'Buxtehuder Bulle (2008)', 'Sydney Taylor Book Award for Teen Readers (2007)', 'Prijs van de Kinder- en Jeugdjury Vlaanderen (2009)', 'Michael L. Printz Award Nominee (2007)', 'Exclusive Books Boeke Prize (2007)', 'Rhode Island Teen Book Award Nominee (2008)', 'The Quill Award Nominee for Young Adult/Teen (2006)', 'Zilveren Zoen (2008)', 'Teen Read Award Nominee for Best All-Time-Fave (2010)', 'Deutscher Jugendliteraturpreis for Preis der Jugendjury (2009)', 'Association of Jewish Libraries for Teen Book Award (2006)', 'Lincoln Award Nominee (2010)', 'Australian Book Industry Award (ABIA) Nominee for Literary Fiction (2008)', 'Kathleen Mitchell Award', 'Ena Noel Award (2008)', 'Literaturpreis der Jury der jungen Leser for Jugendbuch (2009)', 'LovelyBooks Leserpreis for Allgemeine Literatur (2009)', 'Margaret A. Edwards Award (2014)']","['Historical', 'Historical Fiction', 'Fiction']",https://www.goodreads.com/book/show/19063.The_Book_Thief,552,1941639,4.38,116793,The Book Thief,0
10,1847,Charlotte Brontë,[],"['Classics', 'Fiction', 'Romance']",https://www.goodreads.com/book/show/10210.Jane_Eyre,532,1698637,4.13,45111,Jane Eyre,0
11,1949,George Orwell,"['Prometheus Hall of Fame Award (1984)', 'Locus Award Nominee for All-Time Best Science Fiction Novel (1987)']","['Classics', 'Fiction', 'Science Fiction']",https://www.goodreads.com/book/show/5470.1984,328,3362159,4.19,75975,1984,0
12,1954,William Golding,[],"['Classics', 'Fiction', 'Young Adult']",https://www.goodreads.com/book/show/11127.The_Chronicles_of_Narnia,182,2361640,3.69,39807,Lord of the Flies,0
13,1956,C.S. Lewis,[],"['Fantasy', 'Classics', 'Fiction']",https://www.goodreads.com/book/show/7624.Lord_of_the_Flies,767,545427,4.26,10668,The Chronicles of Narnia,1
14,,J.K. Rowling,"['Locus Award Nominee for Best Young Adult Novel (2008)', 'Odyssey Award Nominee (2008)', 'Audie Award (2008)', 'Books I Loved Best Yearly (BILBY) Awards for Older Readers (2008)', 'Teen Read Award Nominee for Best All-Time-Fave (2010)', 'Puddly Award for Fiction (2008)', 'Andre Norton Award (2007)', 'Carnegie Medal Nominee (2008)']","['Fantasy', 'Young Adult', 'Fiction']",https://www.goodreads.com/book/show/18135.Romeo_and_Juliet,759,2959099,4.62,68439,Harry Potter and the Deathly Hallows,1
15,1597,William Shakespeare,[],"['Classics', 'Plays', 'Fiction']",https://www.goodreads.com/book/show/136251.Harry_Potter_and_the_Deathly_Hallows,301,2135032,3.75,20436,Romeo and Juliet,0
16,2003,Khaled Hosseini,"['Borders Original Voices Award for Fiction (2003)', ""Humo's Gouden Bladwijzer (2008)"", 'Exclusive Books Boeke Prize (2004)', 'ALA Alex Award (2004)', 'Puddly Award for Fiction (2006)', 'Lincoln Award Nominee (2006)', 'Prix des libraires du Québec for Lauréats hors Québec (2006)', 'LovelyBooks Leserpreis Nominee for Allgemeine Literatur (2009)']","['Fiction', 'Historical', 'Historical Fiction']",https://www.goodreads.com/book/show/77203.The_Kite_Runner,371,2537928,4.31,76661,The Kite Runner,0
17,1993,Lois Lowry,"['Newbery Medal (1994)', ""Mythopoeic Fantasy Award Nominee for Children's Literature (1994)"", 'Golden Duck Award for Young Adult (Hal Clement Award) (1994)', 'Garden State Book Award for Teen Fiction Grades 6-8 (1996)', ""Buckeye Children's Book Award for Grade 6-8 (1997)"", 'Grand Canyon Reader Award for Teen Book (1995)', 'Maryland Black-Eyed Susan Book Award for Grade 6-9 (1995)', 'Golden Sower Award for Young Adult (1995)', ""Pennsylvania Young Readers' Choice Award for Grades 3-8 (1995)"", 'Soaring Eagle Book Award Nominee (1996)', ""Pacific Northwest Library Association Young Reader's Choice Award for Senior (1996)"", 'Boston Globe-Horn Book Award Nominee for Fiction (1993)', 'New Mexico Land of Enchantment Award (1997)', 'Eliot Rosewater Indiana High School Book Award (1997)', ""William Allen White Children's Book Award (1996)"", 'Wyoming Indian Paintbrush Nominee (1996)', ""NSK Neustadt Prize for Children's Literature Nominee (2013)"", 'Oklahoma Sequoyah Award for YA (1996)', ""Rebecca Caudill Young Readers' Book Award (1996)"", 'Hea Lasteraamat (2010)', 'Premi Protagonista Jove for Categoria 13-14 anys (2016)', 'Margaret A. Edwards Award (2007)']","['Young Adult', 'Fiction', 'Classics']",https://www.goodreads.com/book/show/3636.The_Giver,208,1884995,4.13,67042,The Giver,1
18,1964,Shel Silverstein,[],"['Childrens', 'Childrens', 'Picture Books']",https://www.goodreads.com/book/show/370493.The_Giving_Tree,64,948299,4.37,18545,The Giving Tree,0
19,1952,E.B. White,"['Newbery Medal Nominee (1953)', ""George C. Stone Center for Children's Books Recognition of Merit Award (1970)"", 'Audie Award Nominee for Audiobook of the Year and Middle Grade (2020)', ""Massachusetts Children's Book Award (1984)"", 'Laura Ingalls Wilder Award (1970)']","['Classics', 'Childrens', 'Fiction']",https://www.goodreads.com/book/show/24178.Charlotte_s_Web,184,1491548,4.17,18993,Charlotte's Web,0
20,1868,Louisa May Alcott,[],"['Classics', 'Fiction', 'Historical']",https://www.goodreads.com/book/show/2767052-the-hunger-games,449,1756339,4.10,32972,Little Women,1
21,,Suzanne Collins,"['Locus Award Nominee for Best Young Adult Book (2009)', 'Georgia Peach Book Award (2009)', 'Buxtehuder Bulle (2009)', 'Golden Duck Award for Young Adult (Hal Clement Award) (2009)', ""Grand Prix de l'Imaginaire Nominee for Roman jeunesse étranger (2010)"", 'Books I Loved Best Yearly (BILBY) Awards for Older Readers (2012)', ""West Australian Young Readers' Book Award (WAYRBA) for Older Readers (2010)"", ""Red House Children's Book Award for Older Readers & Overall (2010)"", 'South Carolina Book Award for Junior and Young Adult Book (2011)', 'Charlotte Award (2010)', 'Colorado Blue Spruce Young Adult Book Award (2010)', 'Teen Buckeye Book Award (2009)', ""Pennsylvania Young Readers' Choice Award for Young Adults (2010)"", 'Rhode Island Teen Book Award (2010)', ""Dorothy Canfield Fisher Children's Book Award (2010)"", 'Evergreen Teen Book Award (2011)', 'Soaring Eagle Book Award (2009)', 'Milwaukee County Teen Book Award Nominee (2010)', 'Sakura Medal for Middle School Book (2010)', 'Michigan Library Association Thumbs Up! Award (2009)', 'Florida Teens Read (2009)', 'Deutscher Jugendliteraturpreis for Preis der Jugendjury (2010)', 'Iowa High School Book Award (2011)', 'New Mexico Land of Enchantment Award for Young Adult (2011)', 'Eliot Rosewater Indiana High School Book Award (2010)', 'The Inky Awards for Silver Inky (2009)', 'California Young Readers Medal for Young Adult (2011)', 'Lincoln Award (2011)', 'Kinderboekwinkelprijs (2010)', 'Missouri Truman Readers Award (2011)', 'CYBILS Award for Young Adult Fantasy & Science Fiction (2008)', 'Literaturpreis der Jury der jungen Leser for Jugendbuch (2010)', 'The Inky Awards Shortlist for Silver Inky (2009)', 'Prix Et-lisez-moi (2011)', 'Missouri Gateway Readers Award (2011)', 'Oklahoma Sequoyah Award for High School and Intermediate (2011)', 'Premio El Templo de las Mil Puertas for Mejor novela extranjera perteneciente a saga (2009)', ""Rebecca Caudill Young Readers' Book Award (2011)"", 'LovelyBooks Leserpreis for Fantasy (2009)', 'LovelyBooks Leserpreis for Bestes Cover/Umschlag (2009)', 'Premi Protagonista Jove for Categoria 13-14 anys (2010)']","['Young Adult', 'Fiction', 'Science Fiction']",https://www.goodreads.com/book/show/1934.Little_Women,374,6684550,4.32,175488,The Hunger Games,1
22,1937,J.R.R. Tolkien,"['Keith Barker Millennium Book Award', 'Books I Loved Best Yearly (BILBY) Awards for Older Readers (1997)', 'Mythopoeic Scholarship Award for Inklings Studies (1990)']","['Fantasy', 'Classics', 'Fiction']",https://www.goodreads.com/book/show/5907.The_Hobbit_or_There_and_Back_Again,366,3044062,4.28,51220,"The Hobbit, or There and Back Again",1
23,1937,John Steinbeck,"[""New York Drama Critics' Circle Award for Best American Play (1938)""]","['Classics', 'Fiction', 'Academic']",https://www.goodreads.com/book/show/890.Of_Mice_and_Men,103,2028241,3.88,36305,Of Mice and Men,0
24,1960,Dr. Seuss,[],"['Childrens', 'Childrens', 'Picture Books']",https://www.goodreads.com/book/show/23772.Green_Eggs_and_Ham,64,651786,4.29,9779,Green Eggs and Ham,0
25,1999,J.K. Rowling,"['Bram Stoker Award for Best Work for Young Readers (1999)', 'Hugo Award Nominee for Best Novel (2000)', 'Locus Award for Best Fantasy Novel (2000)', ""Whitbread Award for Children's Book of the Year (1999)"", ""Mythopoeic Fantasy Award for Children's Literature (2008)"", 'Books I Loved Best Yearly (BILBY) Awards for Older Readers (2005)', 'Colorado Blue Spruce Young Adult Book Award (2004)', 'Maine Student Book Award (2001)', 'Golden Archer Award for Intermediate (2001)', 'Indian Paintbrush Book Award (2004)', 'Soaring Eagle Book Award (2002)', 'Hotze de Roosprijs (2001)', 'Nestlé Smarties Book Prize for 9–11 years (1999)']","['Fantasy', 'Young Adult', 'Fiction']",https://www.goodreads.com/book/show/13079982-fahrenheit-451,435,3003995,4.57,59251,Harry Potter and the Prisoner of Azkaban,1
26,1953,Ray Bradbury,"['Prometheus Hall of Fame Award (1984)', 'Geffen Award for Best Translated SF Book (2002)', 'California Book Award for Fiction (Silver) (1953)', 'Retro Hugo Award for Best Novel (2004)']","['Classics', 'Fiction', 'Science Fiction']",https://www.goodreads.com/book/show/5.Harry_Potter_and_the_Prisoner_of_Azkaban,194,1784898,3.99,51196,Fahrenheit 451,0
27,1871,Lewis Carroll,[],"['Classics', 'Fantasy', 'Fiction']",https://www.goodreads.com/book/show/24213.Alice_s_Adventures_in_Wonderland_Through_the_Looking_Glass,239,479233,4.06,11209,Alice's Adventures in Wonderland / Through the Looking-Glass,1
28,1847,Emily Brontë,[],"['Classics', 'Fiction', 'Romance']",https://www.goodreads.com/book/show/6185.Wuthering_Heights,464,1408755,3.87,40202,Wuthering Heights,0
29,1936,Margaret Mitchell,"['Pulitzer Prize for Novel (1937)', 'National Book Award for Novel (1936)']","['Classics', 'Historical', 'Historical Fiction']",https://www.goodreads.com/book/show/18405.Gone_with_the_Wind,1037,1102546,4.30,20495,Gone with the Wind,0
30,1956,Elie Wiesel,[],"['Nonfiction', 'Classics', 'History']",https://www.goodreads.com/book/show/1617.Night,115,1015232,4.34,30286,Night,1
31,1890,Oscar Wilde,[],"['Classics', 'Fiction', 'Horror']",https://www.goodreads.com/book/show/5297.The_Picture_of_Dorian_Gray,272,1033391,4.09,34160,The Picture of Dorian Gray,0
32,1611,Anonymous,[],"['Religion', 'Classics', 'Nonfiction']",https://www.goodreads.com/book/show/1923820.Holy_Bible,1590,229592,4.41,5769,Holy Bible: King James Version,0
33,2000,J.K. Rowling,"['Hugo Award for Best Novel (2001)', ""Mythopoeic Fantasy Award for Children's Literature (2008)"", 'Publieksprijs voor het Nederlandse Boek (2001)', 'Audie Award for Solo Narration - Male (2001)', ""West Australian Young Readers' Book Award (WAYRBA) for Younger Readers (2001)"", 'Golden Archer Award for Middle/Junior High (2002)', 'Indian Paintbrush Book Award (2002)', 'Deutscher Bücherpreis for Publikumspreis', 'Corine Internationaler Buchpreis for Kinder- und Jugendbuch (2001)']","['Fantasy', 'Young Adult', 'Fiction']",https://www.goodreads.com/book/show/6.Harry_Potter_and_the_Goblet_of_Fire,734,2749507,4.56,49573,Harry Potter and the Goblet of Fire,1
34,1979,Douglas Adams,[],"['Science Fiction', 'Fiction', 'Humor']",https://www.goodreads.com/book/show/386162.The_Hitchhiker_s_Guide_to_the_Galaxy,193,1511118,4.22,32006,The Hitchhiker's Guide to the Galaxy,1
35,,J.R.R. Tolkien,[],"['Fantasy', 'Writing', 'Essays']",https://www.goodreads.com/book/show/1420.Hamlet,320,2891,4.30,140,Tolkien on Fairy-stories,0
36,1603,William Shakespeare,['Grammy Award Nominee for Best Spoken Word Album (2012)'],"['Classics', 'Plays', 'Fiction']",https://www.goodreads.com/book/show/1362112.Tolkien_on_Fairy_stories,289,762884,4.03,13704,Hamlet,0
37,1884,Mark Twain,[],"['Classics', 'Fiction', 'Historical']",https://www.goodreads.com/book/show/2956.The_Adventures_of_Huckleberry_Finn,327,1175209,3.82,16145,The Adventures of Huckleberry Finn,1
38,2005,J.K. Rowling,"['Locus Award Nominee for Best Young Adult Novel (2006)', 'Audie Award for Audiobook of the Year (2006)', 'British Book of the Year (2006)']","['Fantasy', 'Young Adult', 'Fiction']",https://www.goodreads.com/book/show/1.Harry_Potter_and_the_Half_Blood_Prince,652,2574988,4.57,42007,Harry Potter and the Half-Blood Prince,1
39,1949,George Orwell,"['Prometheus Hall of Fame Award (1984)', 'Locus Award Nominee for All-Time Best Science Fiction Novel (1987)']","['Classics', 'Fiction', 'Science Fiction']",https://www.goodreads.com/book/show/40961427-1984,237,3362159,4.19,75975,1984,0
40,1862,Victor Hugo,[],"['Classics', 'Fiction', 'Historical']",https://www.goodreads.com/book/show/24280.Les_Mis_rables,1463,702711,4.18,18258,Les Misérables,0
41,1988,Paulo Coelho,"['NBDB National Book Award Nominee for Translation (2015)', 'Grand Prix des lectrices de Elle for roman (1995)', 'Premio Grinzane Cavour for Narrativa Straniera (1996)', 'Corine Internationaler Buchpreis for Belletristik (2002)']","['Fiction', 'Classics', 'Fantasy']",https://www.goodreads.com/book/show/5479.Brave_New_World_Brave_New_World_Revisited,182,2244235,3.88,85757,The Alchemist,0
42,1958,Aldous Huxley,[],"['Classics', 'Fiction', 'Science Fiction']",https://www.goodreads.com/book/show/18144590-the-alchemist,340,145777,4.17,1550,Brave New World / Brave New World Revisited,0
43,1866,Fyodor Dostoyevsky,[],"['Classics', 'Fiction', 'Cultural']",https://www.goodreads.com/book/show/7144.Crime_and_Punishment,671,665751,4.23,21015,Crime and Punishment,0
44,,Kathryn Stockett,"['Orange Prize Nominee for Fiction Longlist (2010)', 'Audie Award for Fiction (2010)', 'Exclusive Books Boeke Prize (2009)', 'SIBA Book Award for Fiction (2010)', 'Indies Choice Book Award for Adult Debut (2010)', 'Puddly Award for Fiction (2011)', 'Lincoln Award Nominee (2013)', 'Grand Prix des lectrices de Elle for roman (2011)', 'Goodreads Choice Award for Fiction (2009) and Nominee for Best of the Best  (2018)', 'Townsend Prize for Fiction (2010)']","['Fiction', 'Historical', 'Historical Fiction']",https://www.goodreads.com/book/show/4667024-the-help,464,2265514,4.46,85532,The Help,0
45,1910,Frances Hodgson Burnett,['Lewis Carroll Shelf Award (1958)'],"['Classics', 'Fiction', 'Childrens']",https://www.goodreads.com/book/show/2998.The_Secret_Garden,331,942037,4.13,20224,The Secret Garden,0
46,1997,Arthur Golden,[],"['Fiction', 'Historical', 'Historical Fiction']",https://www.goodreads.com/book/show/929.Memoirs_of_a_Geisha,503,1769069,4.12,30991,Memoirs of a Geisha,0
47,-800,Homer,[],"['Classics', 'Fiction', 'Poetry']",https://www.goodreads.com/book/show/100915.The_Lion_the_Witch_and_the_Wardrobe,541,893208,3.78,13107,The Odyssey,0
48,1950,C.S. Lewis,"['Lewis Carroll Shelf Award (1962)', ""The Keith Barker Millennium Children's Book Awards 'Children's Book of the Century'"", 'Retro Hugo Award Nominee for Best Novel (2001)']","['Fantasy', 'Classics', 'Fiction']",https://www.goodreads.com/book/show/1381.The_Odyssey,206,2239494,4.22,23499,"The Lion, the Witch and the Wardrobe",1
49,1957,Dr. Seuss,"['Books I Loved Best Yearly (BILBY) Awards for Early Readers (2004, 2012) (2004)']","['Childrens', 'Childrens', 'Picture Books']",https://www.goodreads.com/book/show/5326.A_Christmas_Carol,61,455784,4.16,6065,The Cat in the Hat,1
50,1843,Charles Dickens,['Audie Award for Classic (2005)'],"['Classics', 'Fiction', 'Holiday']",https://www.goodreads.com/book/show/233093.The_Cat_in_the_Hat,104,643790,4.07,20870,A Christmas Carol,0
51,1967,S.E. Hinton,"['Books I Loved Best Yearly (BILBY) Awards for Secondary  (1991)', 'Margaret A. Edwards Award (1988)']","['Classics', 'Young Adult', 'Fiction']",https://www.goodreads.com/book/show/231804.The_Outsiders,192,991059,4.10,34858,The Outsiders,0
52,1982,Alice Walker,"['Pulitzer Prize for Fiction (1983)', 'National Book Award for Fiction (Hardcover) (1983)', 'National Book Critics Circle Award Nominee for Fiction (1982)', 'Townsend Prize for Fiction (1984)']","['Classics', 'Fiction', 'Historical']",https://www.goodreads.com/book/show/52892857-the-color-purple,304,546850,4.23,16590,The Color Purple,1
53,1967,Gabriel García Márquez,"['Premio Internacional de Novela Rómulo Gallegos (1972)', 'Prix du Meilleur Livre Étranger for Roman (1969)']","['Fiction', 'Classics', 'Magical Realism']",https://www.goodreads.com/book/show/18114322-the-grapes-of-wrath,417,787595,4.09,32620,One Hundred Years of Solitude,0
54,1939,John Steinbeck,"['Pulitzer Prize for Novel (1940)', 'National Book Award for Fiction (1939)', 'California Book Award for General Literature (Silver) (1939)', 'Audie Award for Classic (1999)']","['Classics', 'Fiction', 'Historical']",https://www.goodreads.com/book/show/320.One_Hundred_Years_of_Solitude,479,777187,3.98,18075,The Grapes of Wrath,0
55,2007,Khaled Hosseini,"['British Book Award for Best Read of the Year (2008)', 'Book Sense Book of the Year Award for Adult Fiction (2008)', 'California Book Award for Fiction (Silver) (2007)', 'Exclusive Books Boeke Prize Nominee (2007)', 'Lincoln Award Nominee (2011)']","['Fiction', 'Historical', 'Historical Fiction']",https://www.goodreads.com/book/show/128029.A_Thousand_Splendid_Suns,372,1208003,4.38,56645,A Thousand Splendid Suns,0
56,1974,Shel Silverstein,"[""George C. Stone Center for Children's Books Recognition of Merit Award (1984)"", ""Dorothy Canfield Fisher Children's Book Award Nominee (1976)"", 'Golden Archer Award for Intermediate (1996)']","['Poetry', 'Childrens', 'Classics']",https://www.goodreads.com/book/show/30119.Where_the_Sidewalk_Ends,176,1217930,4.30,11078,Where the Sidewalk Ends,0
57,1963,Maurice Sendak,"['Caldecott Medal (1964)', 'Lewis Carroll Shelf Award', 'Indies Choice Book Award for Picture Book Hall of Fame (2009)']","['Childrens', 'Childrens', 'Picture Books']",https://www.goodreads.com/book/show/8127.Anne_of_Green_Gables,37,856492,4.21,12202,Where the Wild Things Are,0
58,1908,L.M. Montgomery,[],"['Classics', 'Fiction', 'Young Adult']",https://www.goodreads.com/book/show/19543.Where_the_Wild_Things_Are,320,772981,4.26,25033,Anne of Green Gables,1
59,1985,Orson Scott Card,"['Hugo Award for Best Novel (1986)', 'Nebula Award for Best Novel (1985)', 'Premi Ictineu for Millor novel·la traduïda (2014)', 'Nébula (1985)', 'Margaret A. Edwards Award (2008)']","['Science Fiction', 'Fiction', 'Young Adult']",https://www.goodreads.com/book/show/375802.Ender_s_Game,324,1178038,4.30,44090,Ender's Game,1
60,1876,Mark Twain,['Lewis Carroll Shelf Award (1967)'],"['Classics', 'Fiction', 'Adventure']",https://www.goodreads.com/book/show/24583.The_Adventures_of_Tom_Sawyer,244,789400,3.92,10527,The Adventures of Tom Sawyer,1
61,1859,Charles Dickens,[],"['Classics', 'Fiction', 'Historical']",https://www.goodreads.com/book/show/7126.The_Count_of_Monte_Cristo,489,832933,3.85,18376,A Tale of Two Cities,0
62,1844,Alexandre Dumas,[],"['Classics', 'Fiction', 'Historical']",https://www.goodreads.com/book/show/1953.A_Tale_of_Two_Cities,1138,771701,4.26,22574,The Count of Monte Cristo,0
63,1962,Ken Kesey,[],"['Classics', 'Fiction', 'Psychology']",https://www.goodreads.com/book/show/4214.Life_of_Pi,325,651255,4.19,11728,One Flew Over the Cuckoo's Nest,0
64,2001,Yann Martel,"['Booker Prize (2002)', 'Bollinger Everyman Wodehouse Prize Nominee for Comic Fiction (2003)', 'Exclusive Books Boeke Prize (2003)', ""Governor General's Literary Awards / Prix littéraires du Gouverneur général Nominee for Fiction (2001)"", 'Lincoln Award Nominee (2005)', 'Deutscher Bücherpreis for Belletristik (2004)', 'CBC Canada Reads Nominee (2003)', 'Luisterboek Award Nominee (2015)', ""QWF (Quebec Writer's Federation) Award for Paragraphe Hugh MacLennan Prize for Fiction (2001)"", 'Asian/Pacific American Award for Literature for Adult Fiction (2003)']","['Fiction', 'Fantasy', 'Classics']",https://www.goodreads.com/book/show/332613.One_Flew_Over_the_Cuckoo_s_Nest,460,1390436,3.92,47973,Life of Pi,0
65,,Dr. Seuss,[],"['Childrens', 'Childrens', 'Picture Books']",https://www.goodreads.com/book/show/191139.Oh_the_Places_You_ll_Go_,44,348138,4.33,5509,"Oh, the Places You'll Go!",0
66,1877,Leo Tolstoy,['PEN Translation Prize for Richard Pevear & Larissa Volokhonsky (2002)'],"['Fiction', 'Romance', 'Cultural']",https://www.goodreads.com/book/show/15823480-anna-karenina,964,696076,4.06,25809,Anna Karenina,0
67,1959,Daniel Keyes,"['Hugo Award Nominee for Best Novel (1967)', 'Nebula Award for Best Novel (tie) (1966)', 'Locus Award Nominee for All-Time Best Novel (36th in poll) (1975)']","['Fiction', 'Classics', 'Science Fiction']",https://www.goodreads.com/book/show/35031085-frankenstein,216,505489,4.15,20290,Flowers for Algernon,0
68,1818,Mary Wollstonecraft Shelley,[],"['Classics', 'Fiction', 'Horror']",https://www.goodreads.com/book/show/36576608-flowers-for-algernon,288,1219362,3.82,36399,Frankenstein: The 1818 Text,0
69,1926,A.A. Milne,[],"['Classics', 'Childrens', 'Fiction']",https://www.goodreads.com/book/show/38447.The_Handmaid_s_Tale,145,287084,4.31,5093,Winnie-the-Pooh,1
70,1985,Margaret Atwood,"['Booker Prize Nominee (1986)', 'Nebula Award Nominee for Best Novel (1986)', 'Locus Award Nominee for Best SF Novel (1987)', 'Arthur C. Clarke Award (1987)', 'Audie Award for Fiction (2013)', 'Los Angeles Times Book Prize for Fiction (1986)', 'Prometheus Award Nominee for Best Novel (1987)', 'James Tiptree Jr. Award Nominee for Retrospective (1995)', ""Governor General's Literary Awards / Prix littéraires du Gouverneur général for Fiction (1985)"", 'SF Chronicle Award Nominee for Novel (1987)', ""Commonwealth Writers' Prize Nominee for Best Book in Caribbean and Canada (1987)"", 'CBC Canada Reads Nominee (2002)', 'Metų verstinė knyga Nominee (2012)']","['Fiction', 'Classics', 'Science Fiction']",https://www.goodreads.com/book/show/99107.Winnie_the_Pooh,314,1557874,4.12,74553,The Handmaid's Tale,1
71,1997,Mitch Albom,[],"['Nonfiction', 'Autobiography', 'Memoir']",https://www.goodreads.com/book/show/6900.Tuesdays_with_Morrie,210,818466,4.12,27468,Tuesdays with Morrie,0
72,1954,J.R.R. Tolkien,['Publieksprijs voor het Nederlandse Boek Nominee (2002)'],"['Fantasy', 'Classics', 'Fiction']",https://www.goodreads.com/book/show/3263607-the-fellowship-of-the-ring,527,2441028,4.37,24800,The Fellowship of the Ring,1
73,1969,Kurt Vonnegut Jr.,"['Hugo Award Nominee for Best SF Novel (1970)', 'Nebula Award Nominee for Best Novel (1969)', 'National Book Award Finalist for Fiction (1970)', ""Chicago Publishers' Award (1970)""]","['Classics', 'Fiction', 'Science Fiction']",https://www.goodreads.com/book/show/4981.Slaughterhouse_Five,275,1173167,4.08,28430,Slaughterhouse-Five,0
74,1961,Joseph Heller,['National Book Award Finalist for Fiction (1962)'],"['Classics', 'Fiction', 'Historical']",https://www.goodreads.com/book/show/168668.Catch_22,453,745469,3.98,19026,Catch-22,1
75,1952,Ernest Hemingway,"['Pulitzer Prize for Fiction (1953)', 'Premio Bancarella (1953)', 'National Book Award Finalist for Fiction (1953)']","['Classics', 'Fiction', 'Literature']",https://www.goodreads.com/book/show/2165.The_Old_Man_and_the_Sea,96,878824,3.79,26865,The Old Man and the Sea,0
76,1850,Nathaniel Hawthorne,[],"['Classics', 'Fiction', 'Historical']",https://www.goodreads.com/book/show/12296.The_Scarlet_Letter,279,728584,3.42,15257,The Scarlet Letter,0
77,1606,William Shakespeare,[],"['Classics', 'Plays', 'Fiction']",https://www.goodreads.com/book/show/8852.Macbeth,249,703961,3.91,11922,Macbeth,0
78,2005,Stephenie Meyer,"['Georgia Peach Book Award (2007)', 'Buxtehuder Bulle (2006)', 'Kentucky Bluegrass Award for 9-12 (2007)', 'Prijs van de Kinder- en Jeugdjury Vlaanderen (2008)', 'Books I Loved Best Yearly (BILBY) Awards for Older Readers (2009)', ""West Australian Young Readers' Book Award (WAYRBA) for Older Readers (2008)"", 'Garden State Book Award for Fiction (Grades 9-12) (2008)', 'South Carolina Book Award for Young Adult Book Award (2008)', 'Grand Canyon Reader Award for Teen Book (2008)', 'Maryland Black-Eyed Susan Book Award for High School (2008)', 'Golden Sower Award for Young Adult (2009)', ""Nevada Young Readers' Award for Young Adult Category  (2007)"", ""The Flume: New Hampshire Teen Reader's Choice Award (2007)"", ""Pennsylvania Young Readers' Choice Award for Young Adult (2009)"", 'Rhode Island Teen Book Award (2007)', 'Evergreen Teen Book Award (2008)', 'Michigan Library Association Thumbs Up! Award Nominee (2006)', 'Teen Read Award Nominee for Best All-Time-Fave (2010)', 'Deutscher Jugendliteraturpreis Nominee for Preis der Jugendjury (2007)', 'Iowa High School Book Award (2008)', 'Eliot Rosewater Indiana High School Book Award (2008)', 'Lincoln Award (2008)', 'Literaturpreis der Jury der jungen Leser for Cover (2007)', 'Prix Et-lisez-moi (2008)', 'Missouri Gateway Readers Award (2008)']","['Young Adult', 'Fantasy', 'Romance']",https://www.goodreads.com/book/show/41865.Twilight,501,5205621,3.61,107225,Twilight,1
79,2003,Audrey Niffenegger,"['Arthur C. Clarke Award Nominee (2005)', 'Orange Prize Nominee for Fiction Longlist (2004)', 'British Book Award (2006)', 'John W. Campbell Memorial Award Nominee for Best Science Fiction Novel (2005)', 'Exclusive Books Boeke Prize (2005)', 'ALA Alex Award (2004)']","['Fiction', 'Romance', 'Fantasy']",https://www.goodreads.com/book/show/7604.Lolita,500,1619557,3.98,47975,The Time Traveler's Wife,0
80,1922,Hermann Hesse,[],"['Classics', 'Fiction', 'Philosophy']",https://www.goodreads.com/book/show/18619684-the-time-traveler-s-wife,152,613891,4.04,18781,Siddhartha,0
81,1915,Franz Kafka,[],"['Classics', 'Fiction', 'Fantasy']",https://www.goodreads.com/book/show/52036.Siddhartha,201,693081,3.83,19726,The Metamorphosis,0
82,1942,Albert Camus,['PEN Translation Prize for Matthew Ward (1989)'],"['Classics', 'Fiction', 'Philosophy']",https://www.goodreads.com/book/show/485894.The_Metamorphosis,123,755360,3.99,25275,The Stranger,0
83,1947,Margaret Wise Brown,[],"['Childrens', 'Childrens', 'Picture Books']",https://www.goodreads.com/book/show/49552.The_Stranger,32,320375,4.28,6076,Goodnight Moon,1
84,1943,Betty  Smith,['Audie Award for Classic (2002)'],"['Classics', 'Fiction', 'Historical']",https://www.goodreads.com/book/show/32929.Goodnight_Moon,496,400608,4.27,21559,A Tree Grows in Brooklyn,0
85,1865,Leo Tolstoy,[],"['Classics', 'Fiction', 'Historical']",https://www.goodreads.com/book/show/14891.A_Tree_Grows_in_Brooklyn,1392,275666,4.12,12316,War and Peace,1
86,1998,J.K. Rowling,"[""Mythopoeic Fantasy Award for Children's Literature (2008)"", 'British Book Award (1999)', 'Prijs van de Jonge Jury (2002)', 'Books I Loved Best Yearly (BILBY) Awards for Older Readers (2006)', 'Colorado Blue Spruce Young Adult Book Award (2008)', 'Golden Archer Award for Middle/Junior High (2008)', 'Nestlé Smarties Book Prize for 9–11 years (1998)']","['Fantasy', 'Young Adult', 'Fiction']",https://www.goodreads.com/book/show/656.War_and_Peace,341,2904901,4.43,56503,Harry Potter and the Chamber of Secrets,1
87,1971,Laura Ingalls Wilder,[],"['Classics', 'Historical', 'Historical Fiction']",https://www.goodreads.com/book/show/15881.Harry_Potter_and_the_Chamber_of_Secrets,2700,144541,4.34,2264,The Little House Collection,1
88,1962,Anthony Burgess,['Prometheus Hall of Fame Award (2008)'],"['Classics', 'Fiction', 'Science Fiction']",https://www.goodreads.com/book/show/114345.The_Little_House_Collection,213,623913,3.99,14628,A Clockwork Orange,0
89,1929,Erich Maria Remarque,['Luisterboek Award Nominee (2015)'],"['Classics', 'Fiction', 'Historical']",https://www.goodreads.com/book/show/41817486-a-clockwork-orange,296,367338,3.99,11116,All Quiet on the Western Front,1
90,1978,Stephen King,"['Locus Award Nominee for Best SF Novel (1979)', 'World Fantasy Award Nominee for Best Novel (1979)', 'Gandalf Award Nominee (1979)', 'Balrog Award Nominee for Best Novel (1979) (1980)']","['Horror', 'Fiction', 'Fantasy']",https://www.goodreads.com/book/show/355697.All_Quiet_on_the_Western_Front,1152,646373,4.34,22440,The Stand,0
91,1851,Harriet Beecher Stowe,[],"['Classics', 'Fiction', 'Historical']",https://www.goodreads.com/book/show/46787.Uncle_Tom_s_Cabin,438,204435,3.88,8146,Uncle Tom's Cabin,0
92,1605,Miguel de Cervantes Saavedra,"['Will Eisner Comic Industry Awards Nominee for Best Adaptation from Another Medium & Best Humor Publication (2014)', 'Βραβείο Λογοτεχνικής Μετάφρασης ΕΚΕΜΕΛ for Ισπανόφωνη Λογοτεχνία (2010)', 'Premio de traducción literaria Valle Inclán for John Rutherford (2002)']","['Classics', 'Fiction', 'Literature']",https://www.goodreads.com/book/show/3836.Don_Quixote,1023,221258,3.88,8660,Don Quixote,0
93,1957,Ayn Rand,"['Prometheus Hall of Fame Award (1983)', 'National Book Award Finalist for Fiction (1958)']","['Fiction', 'Classics', 'Philosophy']",https://www.goodreads.com/book/show/646462._,1078,361725,3.69,17828,Atlas Shrugged,0
94,,Anonymous,[],"['Religion', 'Religion', 'Islam']",https://www.goodreads.com/book/show/662.Atlas_Shrugged,604,59042,4.35,3146,القرآن الكريم,0
95,1830,Anonymous,[],"['Religion', 'Nonfiction', 'Christianity']",https://www.goodreads.com/book/show/4934.The_Brothers_Karamazov,531,77516,4.32,6021,The Book of Mormon: Another Testament of Jesus Christ,0
96,1879,Fyodor Dostoyevsky,[],"['Classics', 'Fiction', 'Cultural']",https://www.goodreads.com/book/show/323355.The_Book_of_Mormon,796,255569,4.32,11994,The Brothers Karamazov,1
97,1998,Barbara Kingsolver,"['Pulitzer Prize Nominee for Fiction (1999)', 'Orange Prize Nominee for Fiction Shortlist (1999)', 'Book Sense Book of the Year Award for Adult (2000)', 'PEN/Faulkner Award for Fiction Nominee (1999)', 'Independent Publisher Book Award (IPPY) for Audio Fiction - Unabridged (1999)', 'Exclusive Books Boeke Prize (2000)', 'Puddly Award for Novel (2001)', 'International Dublin Literary Award Nominee (2000)']","['Fiction', 'Historical', 'Historical Fiction']",https://www.goodreads.com/book/show/7244.The_Poisonwood_Bible,546,672550,4.07,23753,The Poisonwood Bible,0
98,1851,Herman Melville,"['Audie Award for Solo Narration - Male (2006)', 'Премія імені Максима Рильського (1991)']","['Classics', 'Fiction', 'Literature']",https://www.goodreads.com/book/show/153747.Moby_Dick_or_the_Whale,654,491913,3.51,16621,"Moby-Dick or, the Whale",0
